averageAgeDiff,_description,_OUTPUT,shotTotalDiff,shotOnGoalDiff,passTotalDiff,passLongDiff,passSuccessDiff,passForwardDiff,passBackwardDiff,passTargetFinalThirdDiff,passTargetMiddleThirdDiff,passTargetDefensiveThirdDiff,cornerFavourDiff,cornerAgainstDiff,foulReceivedDiff,foulCommitedDiff,assistShotDiff,assistShotIntentionalDiff,assistShotIntentionalGoalDiff,crossFavourTotalDiff,crossFavourSuccessDiff,crossAgainstTotalDiff,offsideCommittedDiff,offsideReceivedDiff,possessionAttackDiff,possessionTotalDiff,possessionDefenceDiff,interceptionDiff,cardYellowDiff,cardRedDiff,tackleTotalDiff,tackleSuccessDiff,dribbleTotalDiff,dribbleSuccessDiff,goalDiff
1.50,Arsenal v Aston Villa,0,3,0,82,-5,72,65,31,121,-11,-13,2,-2,-2,2,4,4,1,9,4,0,0,0,117,73,-44,1,-1,0,8,4,-9,-4,1
-2.50,Arsenal v Bournemouth,0,4,1,117,-5,114,61,67,58,48,25,6,-6,0,0,5,6,1,16,4,0,0,0,106,129,23,-2,1,0,1,0,-2,-1,1
0.30,Arsenal v Chelsea,2,-3,-5,-25,-10,-29,-7,-20,-15,-35,23,0,0,-4,4,1,1,-1,-1,-2,0,0,0,-20,-13,7,4,0,1,-3,0,7,3,-1
-2.40,Arsenal v Crystal Palace,1,3,2,288,-8,277,187,117,132,155,21,4,-4,-1,1,2,3,1,6,1,0,0,0,236,288,52,-2,0,0,-7,-3,2,4,1
-0.70,Arsenal v Everton,0,4,0,48,0,55,24,20,15,47,-16,1,-1,1,-1,5,5,2,1,6,0,0,0,36,54,18,10,1,0,-5,-8,0,-3,1
-1.80,Arsenal v Leicester,0,-1,0,160,1,158,81,97,68,72,37,5,-5,-5,5,0,2,0,6,6,0,2,0,99,169,70,-4,3,0,-12,-10,1,2,-1
2.80,Arsenal v Liverpool,1,-7,-6,112,8,118,53,62,29,37,49,-4,4,4,-4,-6,-3,0,1,0,0,1,0,52,133,81,2,0,0,2,0,0,-2,0
-2.50,Arsenal v Man City,0,-5,-3,-106,-5,-102,-65,-42,-11,-85,-10,-3,3,6,-6,-5,-2,1,-2,0,0,3,0,-75,-99,-24,0,-1,0,4,1,-4,-3,2
0.30,Arsenal v Man Utd,0,5,-2,-34,0,-33,-13,-25,-62,-37,61,0,0,0,0,5,3,2,-6,-1,0,0,0,-110,-1,109,7,-2,0,-6,1,6,7,3
0.80,Arsenal v Newcastle,0,-2,-4,1,-15,-4,17,-6,14,-10,7,1,-1,0,0,2,0,0,0,1,0,0,0,31,4,-27,-8,-1,0,5,1,-3,-4,0
-1.70,Arsenal v Norwich,0,0,1,216,-18,223,130,97,87,122,21,3,-3,-3,3,1,0,0,5,0,0,1,0,166,226,60,1,0,0,-4,2,7,6,0
0.90,Arsenal v Southampton,1,-2,1,123,-10,119,71,54,15,88,26,-1,1,-2,2,-1,1,0,1,-1,0,-1,0,86,128,42,-11,0,0,-16,-13,8,3,0
-1.10,Arsenal v Stoke,0,10,5,218,2,210,123,106,86,134,11,7,-7,3,-3,7,4,1,9,5,0,-1,0,203,218,15,0,1,0,-2,2,4,4,1
-0.80,Arsenal v Sunderland,0,1,0,221,-7,201,143,76,57,132,30,-1,1,0,0,-1,-1,1,-4,-2,0,0,0,155,212,57,-5,1,0,11,11,-4,0,2
-0.30,Arsenal v Swansea,2,3,3,126,-11,119,67,61,77,31,21,0,0,3,-3,4,5,0,3,0,0,0,0,100,121,21,4,-1,0,5,7,1,2,0
3.10,Arsenal v Tottenham,1,-5,-1,49,8,35,23,25,48,7,-6,1,-1,1,-1,-3,-1,-1,2,0,0,0,0,44,50,6,6,0,0,10,7,-9,-3,-1
-2.00,Arsenal v Watford,0,10,6,224,-10,225,121,98,116,91,12,6,-6,4,-4,7,4,1,2,1,0,-3,0,173,220,47,3,0,0,-3,-4,1,-1,2
-2.10,Arsenal v West Brom,0,7,1,229,-7,228,117,103,37,144,40,-4,4,4,-4,4,1,0,-7,-1,0,2,0,138,242,104,5,-1,0,-9,-2,8,7,2
0.70,Arsenal v West Ham,2,5,3,47,-22,58,26,25,35,32,-17,1,-1,2,-2,1,2,-1,11,4,0,1,0,84,72,-12,7,-3,0,-8,-1,5,7,-1
-0.80,Aston Villa v Arsenal,2,2,1,-91,5,-85,-48,-48,-12,-61,-21,0,0,-2,2,1,0,-1,4,2,0,-1,0,-19,-87,-68,4,0,0,-5,-2,9,3,-2
-1.50,Aston Villa v Bournemouth,2,-4,-3,-112,-1,-115,-67,-51,-51,-55,-14,-3,3,0,0,-3,-1,-1,-4,-2,0,0,0,-111,-122,-11,-4,-1,0,-5,1,1,6,-1
1.20,Aston Villa v Chelsea,2,5,5,-65,7,-76,-37,-26,11,-56,-15,0,0,-2,2,5,3,-1,3,4,0,-2,0,-24,-81,-57,-6,1,0,4,3,-2,-1,-2
-2.00,Aston Villa v Crystal Palace,0,6,7,49,-4,53,42,21,56,11,-4,4,-4,-1,1,1,-1,0,17,0,0,-3,0,66,40,-26,-11,0,0,4,5,-2,1,0
-1.30,Aston Villa v Everton,2,2,3,-113,-23,-112,-46,-59,28,-46,-89,2,-2,-2,2,2,-2,-2,8,2,0,-1,0,44,-121,-165,2,2,0,-1,3,3,4,-2
-2.70,Aston Villa v Leicester,1,-2,-2,52,-9,58,33,21,5,34,14,0,0,-5,5,-2,-1,0,3,2,0,-1,0,51,61,10,-2,2,0,-11,-7,8,4,-1
1.80,Aston Villa v Liverpool,2,-4,-3,-145,2,-145,-91,-56,-59,-58,-31,-2,2,-1,1,-2,-3,-1,-3,0,0,0,0,-65,-134,-69,8,1,0,-1,-2,4,-1,-2
-1.60,Aston Villa v Man City,1,-1,-2,-16,13,-21,-32,0,9,-23,-16,-3,3,1,-1,-1,-1,0,-6,-2,0,0,0,26,-15,-41,3,-1,0,-12,-4,12,8,0
0.60,Aston Villa v Man Utd,2,-4,-2,-56,-4,-60,-27,-15,-23,-27,5,0,0,-1,1,-4,-2,-1,4,0,0,4,0,-49,-68,-19,-4,0,0,-5,-2,6,3,-1
0.40,Aston Villa v Newcastle,1,-1,-1,42,9,37,11,23,23,28,-17,-1,1,1,-1,-1,-2,0,-4,-3,0,0,0,40,26,-14,-2,0,0,-4,-2,4,2,0
-2.00,Aston Villa v Norwich,0,0,0,63,12,63,25,33,26,34,-2,-1,1,2,-2,-1,2,0,3,2,0,-2,0,47,69,22,7,-1,0,1,-2,1,-3,-1
-0.60,Aston Villa v Southampton,2,3,1,-34,7,-34,-12,-12,-21,-3,-3,-2,2,4,-4,-2,0,-2,-4,0,0,-3,0,-33,-46,-13,-9,0,0,-5,-2,3,3,-1
-1.90,Aston Villa v Stoke,2,-5,-3,-39,-2,-35,-16,-19,-15,12,-30,-1,1,0,0,-4,-3,0,-2,-2,0,-2,0,-6,-32,-26,0,1,0,-7,-2,12,5,0
-0.90,Aston Villa v Sunderland,1,9,3,113,8,114,68,65,67,85,-18,2,-2,5,-5,7,4,1,11,7,0,0,0,130,121,-9,-4,1,0,-13,-8,8,5,1
-0.60,Aston Villa v Swansea,2,2,1,-11,-5,-8,3,-10,23,-29,1,-1,1,-3,3,1,1,0,5,0,0,-1,0,23,-12,-35,2,-1,0,-3,-1,6,2,0
1.20,Aston Villa v Tottenham,2,-8,-5,-69,8,-77,-35,-30,15,-30,-48,0,0,-1,1,-8,-4,-1,7,2,0,-1,0,-6,-66,-60,5,0,0,4,5,1,1,-1
-1.30,Aston Villa v Watford,2,5,2,130,-9,141,90,68,11,112,39,5,-5,1,-1,4,2,1,12,2,0,3,0,83,168,85,-2,0,0,-12,-6,14,6,0
-1.70,Aston Villa v West Brom,2,-1,-1,22,-6,19,18,-8,-9,21,0,-4,4,2,-2,-1,-2,0,-4,-2,0,1,0,2,28,26,-4,-2,0,6,11,6,5,-1
0.90,Aston Villa v West Ham,1,0,1,30,0,38,18,16,33,6,-3,1,-1,-2,2,-1,0,0,10,2,0,2,0,26,26,0,2,0,0,-2,-2,6,0,-1
1.00,Bournemouth v Arsenal,2,0,2,-64,9,-66,-28,-29,-9,-59,10,2,-2,1,-1,-2,-3,-2,3,1,0,-2,0,-78,-60,18,-1,-1,0,-8,-3,8,5,-2
1.00,Bournemouth v Aston Villa,2,6,2,88,1,89,58,37,35,74,-13,1,-1,-2,2,6,4,0,5,2,0,0,0,68,74,6,-11,1,0,0,0,0,0,0
1.40,Bournemouth v Chelsea,2,0,0,-22,-10,-19,-21,9,6,-36,18,4,-4,-5,5,1,2,0,9,3,0,-1,0,6,-23,-29,-1,0,0,2,2,0,0,-1
0.90,Bournemouth v Crystal Palace,1,0,1,84,-26,82,71,18,-9,81,16,-4,4,3,-3,-2,-4,0,-3,-4,0,-1,0,35,93,58,-8,1,0,5,8,4,3,0
0.40,Bournemouth v Everton,1,-1,-1,-22,-31,-14,-11,-8,4,-2,-19,-2,2,1,-1,-1,-2,-2,-1,-2,0,2,0,-2,-20,-18,3,0,0,1,-3,-8,-4,-2
0.20,Bournemouth v Leicester,1,3,3,62,-11,59,43,28,30,45,-3,2,-2,8,-8,0,0,0,6,2,0,-1,0,36,61,25,-2,-1,0,-9,-10,0,-1,1
3.20,Bournemouth v Liverpool,2,-5,-2,35,0,30,28,4,-16,8,41,1,-1,-2,2,-1,0,-1,1,3,0,-2,0,-14,28,42,0,0,0,13,5,-8,-8,-2
-0.90,Bournemouth v Man City,2,-4,2,-70,2,-71,-24,-40,-65,-21,22,-2,2,0,0,-6,-1,-2,-1,0,0,-1,0,-86,-70,16,-4,0,0,1,1,4,0,-3
4.40,Bournemouth v Man Utd,0,0,-1,-74,-16,-73,-25,-57,-33,-63,15,0,0,2,-2,2,0,0,-3,-1,0,0,0,-55,-72,-17,0,-1,0,2,1,-2,-1,0
3.10,Bournemouth v Newcastle,2,11,8,125,-8,129,87,66,66,63,26,9,-9,1,-1,7,4,0,24,7,0,2,0,125,146,21,4,-1,0,-2,0,4,2,-1
0.90,Bournemouth v Norwich,0,2,-2,25,-5,27,8,15,-17,29,12,2,-2,-1,1,3,1,1,2,1,0,-1,0,9,37,28,3,-1,0,-7,-2,6,5,1
2.20,Bournemouth v Southampton,0,2,2,-2,5,2,-5,19,32,-1,-16,7,-7,1,-1,0,-1,0,9,2,0,1,0,54,10,-44,0,0,0,-6,-4,7,2,1
0.10,Bournemouth v Stoke,2,-4,-1,110,7,105,51,57,35,58,15,4,-4,6,-6,-1,-1,0,1,1,0,-1,0,65,103,38,-7,0,0,-2,-2,1,0,-1
1.10,Bournemouth v Sunderland,0,2,-1,25,-7,22,46,-11,48,-13,4,3,-3,0,0,1,1,0,10,2,0,-3,0,37,37,0,-1,-3,0,-1,2,3,3,2
0.10,Bournemouth v Swansea,0,-1,0,-62,3,-66,-25,-33,-36,-32,9,0,0,0,0,0,1,0,-2,1,0,1,0,-52,-68,-16,0,1,0,-5,-5,6,0,0
4.00,Bournemouth v Tottenham,2,-1,0,-56,-1,-61,-19,-28,-8,-54,15,-1,1,4,-4,2,4,1,6,4,0,-3,0,-54,-44,10,0,-1,0,6,4,-5,-2,-2
0.00,Bournemouth v Watford,1,0,-1,37,-2,32,21,18,27,10,4,0,0,-1,1,2,2,1,0,2,0,1,0,47,32,-15,1,1,0,-1,-1,-2,0,0
-0.30,Bournemouth v West Brom,1,-2,-2,180,11,174,101,88,46,99,46,-1,1,0,0,-1,-1,-1,0,0,0,-1,0,113,177,64,-11,1,0,1,4,4,3,-1
1.70,Bournemouth v West Ham,2,1,1,16,-5,25,0,11,21,-2,-5,-2,2,-1,1,4,1,0,-3,0,0,-4,0,48,27,-21,4,0,0,-7,-5,7,2,1
0.10,Chelsea v Arsenal,0,4,4,36,6,31,25,8,53,-13,-9,0,0,-2,2,5,4,0,0,-1,0,-2,0,56,14,-42,-5,-1,-1,10,6,-6,-4,0
-0.30,Chelsea v Aston Villa,0,-1,1,-4,-6,-2,-7,0,22,-29,4,3,-3,-4,4,1,2,1,2,1,0,1,0,16,-8,-24,2,0,0,3,0,-8,-3,1
-0.80,Chelsea v Bournemouth,2,1,-1,81,-1,81,57,27,63,4,17,1,-1,3,-3,3,4,0,7,5,0,1,0,77,89,12,-2,0,0,0,0,1,0,0
-0.90,Chelsea v Crystal Palace,2,7,3,185,1,180,116,71,111,61,15,-1,1,0,0,6,0,0,2,2,0,-2,0,146,188,42,-1,0,0,2,5,3,3,0
-1.70,Chelsea v Everton,1,-4,-2,4,-9,14,-8,9,29,18,-46,-1,1,-2,2,-3,1,0,7,2,0,1,0,71,11,-60,4,0,0,4,2,-3,-2,0
-3.00,Chelsea v Leicester,1,6,6,86,-11,94,60,35,52,37,5,0,0,2,-2,5,3,0,3,0,0,4,0,77,89,12,-5,0,0,0,2,0,2,0
1.90,Chelsea v Liverpool,2,-6,-4,-149,4,-145,-90,-77,-83,-66,-20,-2,2,7,-7,-5,-3,0,-7,-2,0,0,0,-126,-132,-6,5,-1,0,6,5,-2,-1,0
-3.00,Chelsea v Man City,2,1,0,4,11,-9,17,2,47,-26,-2,5,-5,5,-5,-1,-4,0,8,-2,0,1,0,4,-17,-21,-10,-2,0,2,-3,-3,-5,-1
1.20,Chelsea v Man Utd,1,-2,-3,-93,2,-87,-49,-63,-58,-58,8,-7,7,-4,4,0,2,0,-10,-1,0,1,0,-99,-77,22,0,0,0,-3,1,7,4,0
0.80,Chelsea v Newcastle,0,4,-1,-37,-12,-33,-8,-34,13,-40,-14,3,-3,3,-3,2,4,2,-4,1,0,1,0,-13,-30,-17,-4,-1,0,5,4,2,-1,3
-1.30,Chelsea v Norwich,0,8,4,97,-24,104,70,26,83,6,10,1,-1,1,-1,7,2,0,5,0,0,5,0,123,108,-15,2,0,0,-9,-1,11,8,0
-0.40,Chelsea v Southampton,2,3,3,83,7,77,32,41,0,62,14,-5,5,0,0,1,-1,-1,-9,0,0,-2,0,26,81,55,3,-2,0,5,1,-2,-4,0
-1.90,Chelsea v Stoke,1,4,4,23,-1,21,13,10,39,-22,8,1,-1,-2,2,4,-1,0,1,1,0,-2,0,28,19,-9,-3,1,0,-3,-3,1,0,1
-0.70,Chelsea v Sunderland,0,6,3,223,9,222,130,108,98,103,39,1,-1,0,0,4,3,1,10,6,0,0,0,162,232,70,-4,0,0,-14,-7,8,7,2
0.00,Chelsea v Swansea,1,-2,-3,58,-9,52,42,21,65,17,-16,3,-3,0,0,-2,-4,0,6,-2,0,0,0,82,41,-41,-4,-2,0,-3,-5,3,-2,-1
1.70,Chelsea v Tottenham,1,-4,-2,-25,3,-34,-9,-13,-11,10,-21,3,-3,6,-6,-1,1,-2,3,0,0,2,0,-28,-33,-5,-5,-2,0,2,1,1,-1,-2
-1.60,Chelsea v Watford,1,1,1,65,0,62,36,36,23,17,33,4,-4,4,-4,1,0,0,6,0,0,2,0,22,56,34,-5,-1,0,-2,-3,4,-1,0
-2.20,Chelsea v West Brom,1,-1,0,106,-2,110,57,51,-2,80,29,1,-1,-1,1,0,-2,1,-7,-4,0,1,0,41,96,55,-8,-1,0,-8,-8,5,0,0
-0.20,Chelsea v West Ham,1,1,0,72,-6,64,50,30,24,40,15,-1,1,0,0,1,1,0,2,0,0,0,0,30,66,36,-2,-1,0,-8,-2,8,6,0
-0.40,Crystal Palace v Arsenal,2,-10,-6,-181,8,-180,-97,-84,-80,-99,-6,2,-2,1,-1,-7,-6,0,1,-2,0,1,0,-132,-179,-47,4,0,0,-3,-3,2,0,0
1.30,Crystal Palace v Aston Villa,0,-2,-2,-26,-10,-29,-8,-21,-9,-21,1,-3,3,0,0,-1,0,0,-4,-2,0,2,0,-9,-31,-22,-5,1,0,0,-3,-4,-3,0
0.50,Crystal Palace v Bournemouth,2,1,-2,-1,6,2,-14,21,42,-8,-27,0,0,2,-2,0,2,1,7,3,0,1,0,60,16,-44,6,1,0,-2,-1,3,1,0
1.40,Crystal Palace v Chelsea,2,1,0,-93,0,-87,-36,-43,-4,-48,-31,1,-1,5,-5,0,1,-1,14,3,0,0,0,-42,-95,-53,3,1,0,-1,-2,3,-1,-1
0.40,Crystal Palace v Everton,1,3,-1,-20,2,-16,-8,-7,21,-41,6,3,-3,3,-3,3,2,0,12,3,0,0,0,12,-7,-19,1,-1,0,4,1,-1,-3,0
-0.10,Crystal Palace v Leicester,2,3,2,1,0,13,3,-1,-34,-1,39,-1,1,-2,2,3,0,-1,-4,0,0,0,0,-17,7,24,-2,0,0,-11,-7,7,4,-1
2.90,Crystal Palace v Liverpool,2,2,0,-120,7,-128,-63,-57,-31,-64,-25,-1,1,4,-4,2,4,0,1,0,0,-1,0,-48,-132,-84,6,-1,0,-10,-7,9,3,0
-0.20,Crystal Palace v Man City,2,0,-3,-63,-4,-51,-50,-24,-53,-38,18,2,-2,1,-1,-3,-3,0,-1,-1,0,3,0,-63,-45,18,2,0,0,-4,0,5,4,0
2.30,Crystal Palace v Man Utd,1,3,4,-102,7,-104,-35,-64,-27,-86,15,2,-2,2,-2,2,2,0,0,-1,0,-1,0,-99,-110,-11,6,2,0,-2,-2,9,0,0
2.70,Crystal Palace v Newcastle,0,2,-1,48,10,62,32,31,56,-8,16,1,-1,-3,3,2,2,1,8,5,0,1,0,58,67,9,6,1,0,-12,-6,13,6,2
0.60,Crystal Palace v Norwich,0,-2,0,50,12,41,24,34,18,26,14,4,-4,0,0,0,2,0,15,2,0,0,0,16,51,35,8,0,0,2,1,-1,-1,0
0.80,Crystal Palace v Southampton,0,-4,-2,-29,9,-33,-13,-3,-4,-20,9,4,-4,2,-2,-2,-1,1,7,1,0,0,0,-34,-31,3,1,0,0,7,4,-6,-3,1
0.50,Crystal Palace v Stoke,0,4,4,106,3,103,65,58,58,53,13,1,-1,5,-5,2,2,-1,12,1,0,-2,0,81,103,22,7,-1,0,0,-3,-5,-3,-1
0.10,Crystal Palace v Sunderland,2,2,3,80,2,94,54,42,37,48,12,3,-3,-8,8,2,-1,0,15,1,0,-1,0,85,84,-1,-1,0,0,-10,-10,6,0,0
2.40,Crystal Palace v Swansea,1,3,0,29,0,20,29,19,65,-4,-13,1,-1,6,-6,3,1,0,15,6,0,2,0,99,32,-67,-2,1,0,-5,-1,6,4,0
3.50,Crystal Palace v Tottenham,2,-5,-3,-185,7,-176,-105,-83,-38,-112,-40,-4,4,2,-2,-6,-1,0,-1,-1,0,-1,0,-136,-183,-47,13,0,0,3,-1,0,-4,-1
-0.40,Crystal Palace v Watford,2,2,2,-41,5,-43,-18,-16,-23,-24,13,3,-3,4,-4,-1,-2,1,5,0,0,4,0,-47,-45,2,-4,0,0,1,-2,-5,-3,0
-1.80,Crystal Palace v West Brom,0,8,6,78,-2,97,40,58,62,39,-2,4,-4,2,-2,5,2,0,13,0,0,1,0,128,103,-25,0,0,0,-8,-6,9,2,0
0.80,Crystal Palace v West Ham,2,-6,-2,-31,11,-38,-10,-16,-13,-24,10,-3,3,-2,2,-4,-3,-1,0,1,0,1,0,-64,-46,18,5,-1,0,8,2,-11,-6,0
1.40,Everton v Arsenal,2,-3,-1,-63,13,-75,-50,0,-26,-40,13,2,-2,3,-3,-5,-4,-2,8,0,0,0,0,-82,-77,5,-4,0,0,17,8,-12,-9,-2
0.00,Everton v Aston Villa,0,3,2,169,11,168,85,87,63,104,4,-1,1,1,-1,2,4,2,2,0,0,-1,0,145,170,25,-7,0,0,-3,0,-5,3,3
-0.80,Everton v Bournemouth,0,2,0,149,7,146,98,59,71,49,38,0,0,3,-3,2,0,-1,3,0,0,0,0,92,154,62,-4,0,0,-3,-1,2,2,0
0.40,Everton v Chelsea,0,-5,-3,-95,5,-99,-55,-41,-60,-21,-15,-6,6,-2,2,-4,0,1,-6,2,0,-2,0,-81,-88,-7,-4,0,0,4,5,-3,1,1
-0.50,Everton v Crystal Palace,1,0,2,72,-11,70,51,22,37,35,4,2,-2,2,-2,-1,0,0,1,2,0,-1,0,72,99,27,0,0,0,-4,1,4,5,0
-2.10,Everton v Leicester,2,2,2,151,21,147,93,73,29,78,58,2,-2,3,-3,2,2,0,6,1,0,1,0,62,134,72,-22,0,0,-13,-10,9,3,0
2.20,Everton v Liverpool,1,-4,-1,2,12,-2,12,-14,5,24,-34,-6,6,2,-2,-6,-6,-1,-6,-5,0,0,0,29,1,-28,5,0,0,3,2,-1,-1,0
-1.30,Everton v Man City,2,-5,-7,-15,9,-12,-7,-17,-42,8,9,-1,1,3,-3,-5,-2,0,-5,-2,0,0,0,-60,-4,56,-2,-2,0,-2,0,-2,2,0
1.40,Everton v Man Utd,2,-1,0,-64,3,-65,-36,-31,2,-71,5,2,-2,0,0,-3,-1,-1,2,0,0,0,0,-28,-66,-38,-2,1,0,-7,-3,5,4,-2
2.40,Everton v Newcastle,0,5,1,116,17,108,53,66,38,51,29,1,-1,0,0,3,2,0,0,0,0,-1,0,76,105,29,-3,0,0,4,4,-5,0,1
-2.40,Everton v Norwich,0,3,3,-27,-8,-21,-1,-31,1,-23,-10,-2,2,2,-2,0,2,0,-3,-1,0,1,0,-3,-30,-27,1,0,0,7,5,-1,-2,2
-0.60,Everton v Southampton,1,-8,-2,11,6,10,-1,7,-41,24,22,-3,3,4,-4,-5,-3,0,-8,-3,0,-2,0,-45,21,66,-3,1,0,-12,-3,11,9,0
-0.50,Everton v Stoke,2,2,1,-42,1,-43,-22,-15,17,-52,-2,2,-2,-1,1,3,-1,-1,1,1,0,-1,0,-3,-35,-32,2,0,0,-9,-2,10,7,-1
-0.70,Everton v Sunderland,0,3,1,239,-8,232,126,119,117,98,31,3,-3,-1,1,2,-1,1,4,0,0,0,0,186,234,48,-8,-1,0,-7,-10,1,-3,1
0.10,Everton v Swansea,2,2,3,4,8,10,2,8,2,-13,20,1,-1,5,-5,2,1,-1,3,2,0,1,0,-11,20,31,-1,-1,0,0,3,4,3,-3
3.00,Everton v Tottenham,1,-8,-8,-148,1,-140,-85,-73,-82,-87,11,-4,4,-3,3,-9,-1,0,-7,-1,0,1,0,-160,-135,25,1,1,0,-5,-2,5,3,0
-1.30,Everton v Watford,1,-1,0,146,24,136,107,59,45,87,32,3,-3,2,-2,1,0,0,3,-1,0,-1,0,107,130,23,-14,-1,0,-12,-11,8,1,-1
0.20,Everton v West Brom,2,11,10,189,0,191,112,103,105,86,23,7,-7,-6,6,7,2,-1,18,4,0,0,0,188,193,5,-1,0,0,-10,-1,11,9,-1
2.00,Everton v West Ham,2,-1,2,-37,14,-41,-22,-15,-40,-44,48,4,-4,-7,7,-5,-5,0,1,0,0,-2,0,-57,-29,28,1,0,0,-6,-2,6,4,1
0.20,Leicester v Arsenal,2,-4,-3,-100,17,-94,-51,-42,-2,-72,-23,1,-1,5,-5,-2,-3,-1,12,2,0,-2,0,-26,-106,-80,6,0,0,3,1,1,-2,-1
1.70,Leicester v Aston Villa,0,-2,-2,-61,2,-57,-43,-22,5,-26,-44,-3,3,2,-2,-2,-3,0,-5,-2,0,0,0,10,-70,-80,-1,1,0,5,2,-4,-3,-1
1.20,Leicester v Bournemouth,1,0,-1,-85,-6,-90,-37,-50,13,-59,-41,0,0,-3,3,-1,0,0,-6,2,0,0,0,6,-100,-106,-2,-1,0,8,1,-11,-7,0
2.50,Leicester v Chelsea,0,4,2,-97,-13,-106,-64,-54,-25,-93,-2,-5,5,0,0,1,-1,1,-11,-3,0,-2,0,-67,-118,-51,3,0,0,9,8,-4,-1,1
-0.10,Leicester v Crystal Palace,0,4,2,14,5,23,5,4,9,17,-16,1,-1,4,-4,1,0,0,3,1,0,0,0,23,21,-2,9,0,0,-3,2,5,5,0
2.20,Leicester v Everton,0,8,3,-142,-14,-137,-74,-67,-10,-77,-54,2,-2,3,-3,7,6,1,3,1,0,-1,0,-6,-134,-128,2,-1,0,-9,-3,15,6,2
2.80,Leicester v Liverpool,0,1,0,-79,6,-73,-51,-33,-18,-57,-10,-5,5,-1,1,-2,2,0,-5,-1,0,1,0,-28,-77,-49,10,0,0,-10,-10,6,0,0
1.40,Leicester v Man City,1,-6,-4,-116,3,-132,-70,-54,-50,-55,-22,-5,5,-2,2,-6,-2,0,-15,-1,0,0,0,-95,-129,-34,-3,0,0,-2,-1,3,1,0
3.40,Leicester v Man Utd,1,-3,-1,-146,-7,-140,-64,-89,4,-130,-27,-4,4,2,-2,-1,-2,0,-3,-2,0,1,0,-50,-141,-91,9,-1,0,-1,1,2,2,0
3.30,Leicester v Newcastle,0,-2,-1,50,-9,47,55,7,25,30,4,2,-2,1,-1,-1,-1,1,7,-2,0,-1,0,31,40,9,2,0,0,-1,-2,1,-1,1
0.60,Leicester v Norwich,0,3,3,96,20,86,69,36,27,43,34,-2,2,4,-4,1,2,0,1,-3,0,-2,0,45,83,38,1,0,0,-9,-6,6,3,0
2.40,Leicester v Southampton,0,0,0,21,15,4,10,10,-12,19,14,-2,2,2,-2,0,1,1,-6,1,0,-1,0,-17,16,33,4,0,0,-4,-2,11,2,1
0.90,Leicester v Stoke,0,7,3,-31,-8,-22,-13,-7,23,-32,-11,4,-4,2,-2,4,4,0,6,1,0,0,0,28,-22,-50,5,0,0,2,2,1,0,1
0.20,Leicester v Sunderland,0,4,1,-30,-1,-34,-7,-19,43,-33,-36,-1,1,4,-4,6,6,2,7,3,0,-1,0,40,-37,-77,1,-2,0,5,5,0,0,3
0.10,Leicester v Swansea,0,1,1,-119,7,-117,-79,-56,-25,-117,6,-3,3,-3,3,1,1,1,-2,-1,0,0,0,-95,-117,-22,14,0,0,-6,0,9,6,2
4.00,Leicester v Tottenham,1,-1,0,-212,-6,-212,-107,-107,-53,-136,-28,-1,1,4,-4,-4,-3,0,3,-1,0,0,0,-119,-211,-92,7,-2,0,4,8,2,4,0
0.30,Leicester v Watford,0,0,0,-97,-18,-81,-62,-41,-27,-62,-12,-2,2,-3,3,-2,-2,0,6,-1,0,4,0,-36,-84,-48,7,0,0,2,2,1,0,0
-0.30,Leicester v West Brom,1,7,3,60,9,66,46,30,19,32,26,5,-5,-2,2,2,1,0,10,2,0,-3,0,10,67,57,3,-1,0,2,3,9,1,-1
1.50,Leicester v West Ham,1,-3,-2,-9,-9,-10,1,-15,-27,-8,22,-1,1,-1,1,-3,-1,1,-6,-2,0,1,0,-37,-13,24,-11,-2,0,-3,-2,4,1,1
-1.10,Liverpool v Arsenal,1,-1,-1,37,3,36,38,15,14,41,-2,-1,1,0,0,-2,-4,-2,3,-1,0,-1,0,29,38,9,0,1,0,0,4,7,4,0
-0.50,Liverpool v Aston Villa,0,2,2,179,1,180,106,79,72,122,-8,5,-5,3,-3,3,-1,0,8,-1,0,1,0,149,164,15,-3,0,0,10,7,-11,-3,1
-2.70,Liverpool v Bournemouth,0,5,1,100,4,97,46,41,42,38,9,1,-1,5,-5,4,3,1,-3,0,0,0,0,83,92,9,-2,-1,0,1,2,-1,1,1
1.40,Liverpool v Chelsea,1,7,5,29,-1,29,-3,32,0,5,23,2,-2,-3,3,4,1,0,0,1,0,0,0,-18,22,40,1,1,0,4,3,-5,-1,-1
-3.00,Liverpool v Crystal Palace,2,11,7,136,-9,141,83,53,50,69,20,4,-4,2,-2,11,7,1,5,3,0,-2,0,115,142,27,-1,0,0,1,3,3,2,0
-2.10,Liverpool v Everton,0,15,10,90,-13,100,75,33,66,33,9,4,-4,1,-1,12,10,2,13,7,0,0,0,108,92,-16,-2,0,0,6,4,-2,-2,2
-4.00,Liverpool v Leicester,0,17,11,158,17,159,95,74,60,95,16,3,-3,0,0,14,3,0,10,0,0,1,0,129,157,28,0,1,0,-4,-4,3,0,0
-3.40,Liverpool v Man City,0,1,1,45,2,42,18,24,-3,23,24,0,0,-2,2,1,-1,1,-1,-2,0,2,0,-1,38,39,3,0,0,3,1,1,-2,2
0.50,Liverpool v Man Utd,2,5,1,9,-19,12,22,-17,23,-1,-16,-2,2,1,-1,5,5,0,-1,0,0,1,0,36,-2,-38,-7,0,0,1,1,-1,0,0
1.10,Liverpool v Newcastle,1,2,1,111,10,109,62,50,39,42,33,-2,2,5,-5,2,1,1,-4,-3,0,1,0,57,96,39,-4,-1,0,-7,-7,1,0,2
-3.10,Liverpool v Norwich,1,5,5,86,1,96,33,48,26,36,19,0,0,7,-7,3,4,0,1,1,0,1,0,71,74,3,1,1,0,6,1,-10,-5,0
-0.90,Liverpool v Southampton,1,5,2,115,-3,118,57,51,-2,87,21,-1,1,1,-1,4,-1,0,-4,1,0,1,0,59,123,64,-1,0,0,-7,0,2,7,0
-2.40,Liverpool v Stoke,0,-2,1,5,-12,4,27,-16,1,-6,14,1,-1,-2,2,-1,-1,0,-5,-3,0,-2,0,-18,-6,12,-3,-1,0,4,-2,-4,-6,1
-1.80,Liverpool v Sunderland,1,4,3,282,14,269,175,127,140,138,24,4,-4,6,-6,4,1,0,17,5,0,1,0,213,273,60,-6,-1,0,5,3,-4,-2,0
-2.00,Liverpool v Swansea,0,0,2,70,-4,57,37,41,57,41,-19,3,-3,-5,5,0,1,0,4,0,0,-1,0,103,61,-42,-6,1,0,6,4,2,-2,0
1.10,Liverpool v Tottenham,1,1,2,-47,-4,-57,-13,-23,2,-16,-24,4,-4,5,-5,-1,1,0,10,0,0,-1,0,-13,-50,-37,1,1,0,18,11,-7,-7,0
-3.80,Liverpool v Watford,0,2,1,196,13,189,111,87,45,105,47,2,-2,2,-2,3,1,1,1,-2,0,-1,0,88,168,80,-7,0,0,1,0,-2,-1,1
-2.70,Liverpool v West Brom,1,11,6,162,-13,163,100,70,79,78,12,-1,1,-1,1,9,3,0,3,2,0,0,0,133,158,25,-6,0,0,-2,1,3,3,0
0.00,Liverpool v West Ham,2,-3,0,180,-7,186,108,73,70,109,4,0,0,-3,3,0,0,-1,3,0,0,1,0,174,178,4,-5,0,0,-8,-9,-1,-1,-2
1.50,Man City v Arsenal,1,5,2,108,-2,107,42,80,113,22,-11,4,-4,-3,3,3,1,0,15,8,0,-1,0,177,116,-61,0,0,0,-10,-3,5,7,0
1.50,Man City v Aston Villa,0,12,5,280,9,284,166,132,129,161,11,6,-6,0,0,13,10,0,16,6,0,1,0,275,282,7,4,-1,0,-9,-5,2,4,0
0.10,Man City v Bournemouth,0,6,3,50,8,53,8,37,19,17,8,-4,4,-8,8,4,3,1,-11,-3,0,0,0,28,62,34,2,2,0,-12,-3,11,9,3
1.70,Man City v Chelsea,0,5,2,-29,-5,-18,1,-17,-34,8,10,4,-4,-5,5,5,6,0,9,4,0,0,0,-49,-21,28,-3,2,0,0,-1,2,-1,1
-0.20,Man City v Crystal Palace,0,7,3,46,-12,47,27,8,53,16,-34,0,0,1,-1,5,0,0,-7,-2,0,0,0,90,58,-32,-2,0,0,-1,1,-2,2,2
0.30,Man City v Everton,1,1,0,-13,-5,-9,3,-3,62,-30,-30,0,0,2,-2,1,1,0,11,2,0,1,0,39,-11,-50,-1,0,0,7,3,-3,-4,0
-0.50,Man City v Leicester,2,3,1,202,-9,213,132,97,106,103,20,6,-6,5,-5,3,0,-1,12,0,0,1,0,187,212,25,3,-1,0,-15,-13,4,2,-1
2.50,Man City v Liverpool,2,-2,-1,129,17,129,81,68,55,79,16,4,-4,5,-5,-3,-4,-2,14,1,0,-3,0,123,134,11,-9,-1,0,-12,-9,5,3,0
3.00,Man City v Man Utd,2,7,2,-19,-12,-14,-10,-8,21,-53,15,3,-3,4,-4,5,5,0,6,4,0,1,0,10,5,-5,4,-1,0,3,4,-5,1,-1
1.50,Man City v Newcastle,0,6,2,79,-9,81,67,24,70,19,5,3,-3,-3,3,0,-1,0,9,4,0,-3,0,84,78,-6,-6,0,0,-2,-5,0,-3,0
-1.00,Man City v Norwich,0,7,4,207,-2,209,129,92,84,138,1,4,-4,3,-3,5,0,0,6,1,0,4,0,226,217,-9,-4,1,0,-7,-3,4,4,0
2.30,Man City v Southampton,0,6,4,-77,-5,-70,-28,-50,11,-70,-21,3,-3,1,-1,5,4,2,3,1,0,-1,0,-24,-70,-46,4,0,0,9,7,-2,-2,2
1.00,Man City v Stoke,0,-1,0,106,7,100,71,40,54,33,23,2,-2,-1,1,-1,1,1,2,3,0,-1,0,86,96,10,-2,0,0,10,1,-11,-9,2
0.50,Man City v Sunderland,0,5,4,95,-9,91,63,37,31,53,16,2,-2,0,0,3,0,2,-2,0,0,1,0,77,105,28,-2,0,0,-8,-3,6,5,3
0.60,Man City v Swansea,0,1,1,124,-1,116,66,50,80,59,-22,-1,1,1,-1,0,-1,1,-5,-1,0,1,0,145,130,-15,2,-1,0,3,3,4,0,1
2.60,Man City v Tottenham,2,2,2,-158,-11,-155,-81,-77,-13,-115,-33,3,-3,4,-4,0,2,0,-3,1,0,0,0,-75,-161,-86,3,-1,0,6,0,-5,-6,0
-0.60,Man City v Watford,0,6,3,122,-8,133,88,47,119,46,-27,4,-4,2,-2,7,1,0,13,2,0,1,0,191,124,-67,-6,0,0,-13,-13,5,0,0
0.40,Man City v West Brom,0,0,0,109,-6,108,61,43,36,58,9,3,-3,1,-1,1,-1,-1,0,1,0,0,0,77,105,28,0,-1,0,-7,-8,2,-1,0
0.70,Man City v West Ham,2,7,5,164,-16,180,89,80,76,84,12,1,-1,0,0,5,4,-1,8,3,0,1,0,150,172,22,-4,-2,0,-5,-3,4,2,-1
-2.70,Man Utd v Arsenal,0,-4,-2,-44,11,-42,-25,-23,-25,-7,-17,-2,2,-1,1,-3,-3,0,2,-2,0,0,0,-44,-46,-2,-5,2,0,11,8,-3,-3,1
-1.80,Man Utd v Aston Villa,0,4,2,151,7,136,90,68,85,81,-7,9,-9,0,0,4,4,1,12,5,0,1,0,138,138,0,-4,0,0,1,0,-4,-1,1
-0.80,Man Utd v Bournemouth,0,0,-2,139,1,151,59,81,61,88,-9,3,-3,1,-1,1,0,1,3,-2,0,2,0,125,143,18,-9,0,0,2,2,-1,0,1
0.40,Man Utd v Chelsea,1,3,3,160,3,168,91,85,76,78,24,1,-1,-5,5,4,-1,0,13,1,0,1,0,123,159,36,-2,1,0,-1,-5,3,-4,0
-2.20,Man Utd v Crystal Palace,0,4,6,118,-7,118,42,72,56,68,-13,1,-1,-2,2,4,3,0,-5,-3,0,1,0,107,92,-15,-12,-2,0,6,5,-4,-1,-1
-1.10,Man Utd v Everton,0,6,3,37,-12,46,45,-1,26,41,-24,3,-3,-3,3,6,2,0,4,0,0,-1,0,52,37,-15,3,0,0,-11,-14,2,-3,0
-2.10,Man Utd v Leicester,1,6,7,173,2,174,112,87,108,86,5,2,-2,-7,7,3,-1,0,14,3,0,1,0,165,162,-3,-10,0,0,-22,-12,15,10,0
1.10,Man Utd v Liverpool,0,1,0,114,12,128,59,67,83,55,-9,3,-3,2,-2,2,0,0,13,2,0,-1,0,133,116,-17,4,0,0,-1,-5,-1,-4,0
-1.50,Man Utd v Man City,1,-4,-2,77,6,77,53,22,-5,51,29,-2,2,2,-2,-3,-2,0,2,-1,0,0,0,24,74,50,3,-1,0,3,4,-1,1,0
0.30,Man Utd v Newcastle,1,4,6,98,-4,107,52,49,60,41,0,0,0,-3,3,3,-4,0,1,-4,0,2,0,104,94,-10,-6,0,0,5,4,-5,-1,0
-3.00,Man Utd v Norwich,2,3,1,153,11,146,103,78,110,62,9,6,-6,5,-5,2,3,0,19,4,0,2,0,139,136,-3,5,-1,0,-3,-3,2,0,-1
-1.20,Man Utd v Southampton,2,3,1,61,9,60,29,27,-15,63,7,-1,1,-1,1,2,-2,0,-5,-2,0,0,0,16,54,38,-8,0,0,-9,-9,8,0,0
-3.10,Man Utd v Stoke,0,6,4,-31,-8,-18,-21,-6,6,-22,-11,-1,1,-5,5,7,6,2,2,2,0,2,0,16,-11,-27,5,0,0,0,2,1,2,2
-1.50,Man Utd v Sunderland,0,3,2,91,-15,93,64,43,69,38,0,3,-3,5,-5,0,0,1,7,2,0,0,0,112,95,-17,1,-1,0,-5,-4,-6,1,1
-1.20,Man Utd v Swansea,0,6,6,45,6,58,19,32,35,30,-15,1,-1,-2,2,3,3,0,8,2,0,0,0,68,36,-32,-4,1,0,-4,1,9,5,0
1.60,Man Utd v Tottenham,0,-2,0,4,5,9,-4,7,49,8,-53,0,0,2,-2,-2,-2,0,2,-1,0,-2,0,67,1,-66,3,-1,0,-3,-4,-1,-1,-1
-5.30,Man Utd v Watford,0,-2,-4,121,4,119,64,62,41,48,37,0,0,4,-4,1,1,0,4,2,0,0,0,55,108,53,1,1,0,3,1,-4,-2,0
-3.60,Man Utd v West Brom,0,5,3,251,-2,256,164,106,133,106,30,0,0,0,0,5,1,0,13,-1,0,1,0,227,241,14,-5,-1,0,-7,-5,7,2,0
-1.40,Man Utd v West Ham,1,6,3,72,-5,72,63,29,66,32,-5,1,-1,1,-1,4,2,0,16,3,0,0,0,99,67,-32,-8,0,0,-7,-4,5,3,0
-0.90,Newcastle v Arsenal,2,-9,-6,-239,3,-236,-143,-93,-120,-114,-5,-3,3,-7,7,-6,-3,0,-2,-1,0,-1,0,-201,-224,-23,-3,3,1,5,7,5,2,0
-0.50,Newcastle v Aston Villa,1,0,0,-3,2,-8,16,-8,55,-22,-28,1,-1,2,-2,1,3,1,1,3,0,0,0,45,-7,-52,-9,1,0,-1,0,2,1,1
-3.20,Newcastle v Bournemouth,2,3,0,-56,-7,-50,-16,-39,-1,-49,-6,1,-1,-5,5,2,0,0,3,0,0,0,0,-34,-52,-18,-3,-1,0,1,0,-6,-1,1
-1.90,Newcastle v Chelsea,1,3,4,-10,4,-4,-12,3,-31,12,10,-3,3,2,-2,4,1,1,-1,-2,0,-1,0,-21,-20,1,0,1,0,3,6,-2,3,1
-3.50,Newcastle v Crystal Palace,0,-2,0,-22,-2,-27,5,-20,-8,-10,3,-3,3,2,-2,0,0,0,-2,0,0,-1,0,-23,-19,4,-3,1,0,0,4,2,4,0
-1.90,Newcastle v Everton,2,-4,-4,-149,4,-162,-86,-72,-72,-82,-3,-1,1,-6,6,-3,-1,0,-6,-1,0,-1,0,-143,-169,-26,-5,0,0,12,4,-12,-8,0
-3.60,Newcastle v Leicester,2,-4,-4,23,-11,20,0,15,-43,36,21,-2,2,2,-2,-4,-2,0,-9,-1,0,-1,0,-45,27,72,2,0,0,-2,-3,2,-1,-1
-0.70,Newcastle v Liverpool,0,-2,-2,-81,2,-80,-64,-35,-5,-83,-9,-4,4,3,-3,-2,1,0,-12,-2,0,0,0,-32,-85,-53,3,0,0,3,0,-1,-3,0
-3.90,Newcastle v Man City,1,1,1,-48,-1,-37,-27,-23,-34,-21,1,2,-2,2,-2,1,0,-1,2,0,0,-2,0,-58,-39,19,2,1,0,-8,-5,4,3,0
0.70,Newcastle v Man Utd,1,-5,-1,68,-6,60,35,30,10,36,20,-2,2,2,-2,-4,-2,0,-3,-3,0,1,0,10,39,29,2,-1,0,5,0,-8,-5,-1
-2.90,Newcastle v Norwich,0,4,1,-8,6,-8,-23,6,-11,-4,-2,-1,1,-1,1,2,2,0,-9,-3,0,0,0,-4,-12,-8,2,1,0,-12,-9,10,3,1
0.10,Newcastle v Southampton,1,-1,2,70,-2,64,55,39,32,56,10,3,-3,7,-7,-1,0,-1,16,1,0,-1,0,34,53,19,-19,-1,0,-12,-7,11,5,0
-2.50,Newcastle v Stoke,1,1,2,-8,-8,-2,-13,4,-6,5,-8,1,-1,2,-2,2,2,0,0,-3,0,1,0,-3,5,8,3,0,0,0,1,1,1,0
-1.90,Newcastle v Sunderland,1,-4,-2,53,-1,63,43,18,-25,63,23,-2,2,-4,4,-5,-3,0,4,0,0,0,0,-10,52,62,-1,2,0,1,0,-1,-1,-1
-3.30,Newcastle v Swansea,0,5,3,-69,-10,-69,-25,-31,46,-63,-40,-1,1,-3,3,5,2,1,2,0,0,2,0,13,-83,-96,2,0,0,1,-1,-2,-2,1
-0.20,Newcastle v Tottenham,0,3,3,-68,2,-66,-53,-28,-31,-54,4,-1,1,0,0,3,0,2,-2,1,0,0,0,-63,-57,6,3,-1,0,3,2,-1,-1,2
-1.50,Newcastle v Watford,2,-2,0,55,-10,66,46,12,20,30,11,-1,1,0,0,-5,-3,-2,9,0,0,1,0,51,77,26,8,-1,0,-12,-5,9,7,-2
-4.30,Newcastle v West Brom,0,5,4,199,7,193,121,97,73,111,33,5,-5,-3,3,5,0,1,12,2,0,0,0,135,197,62,-11,0,0,-5,-1,6,4,1
-2.10,Newcastle v West Ham,0,2,3,7,-8,9,6,11,2,10,-1,0,0,-6,6,0,0,2,6,1,0,0,0,16,6,-10,4,0,0,3,4,-1,1,2
1.00,Norwich v Arsenal,1,-4,-2,-182,12,-181,-108,-75,-37,-108,-39,-3,3,-2,2,-4,-3,0,-3,-1,0,1,0,-109,-190,-81,-1,0,0,5,1,-6,-4,0
2.20,Norwich v Aston Villa,0,0,-1,3,6,-12,-1,-8,-17,-6,16,-2,2,5,-5,-2,0,0,-3,-3,0,1,0,-21,-4,17,4,-1,0,2,1,-2,-1,1
-0.60,Norwich v Bournemouth,0,2,-1,21,13,19,5,12,30,-22,7,-2,2,-2,2,1,2,1,1,1,0,-1,0,-4,22,26,-2,0,0,2,4,-2,2,1
2.40,Norwich v Chelsea,2,-4,-2,-70,4,-70,-46,-19,5,-72,2,-2,2,-8,8,-4,-1,-1,3,0,0,2,0,-27,-79,-52,-5,1,0,-2,-5,-2,-3,-2
1.00,Norwich v Crystal Palace,2,2,-2,119,6,107,67,63,29,82,18,1,-1,6,-6,-1,-2,-1,4,-3,0,-1,0,72,106,34,-4,1,0,3,-2,-8,-5,-1
0.50,Norwich v Everton,1,-4,-1,-50,1,-56,-49,-4,34,-51,-37,0,0,-1,1,-3,-3,-1,3,-3,0,-1,0,14,-59,-73,3,0,0,9,4,-9,-5,-1
-0.50,Norwich v Leicester,2,-6,-3,146,19,134,75,72,36,83,29,0,0,-1,1,-5,-3,0,-1,-3,0,0,0,59,143,84,-11,0,0,-1,-1,-4,0,-1
2.50,Norwich v Liverpool,2,-2,-1,-22,8,-30,-3,-9,37,-28,-18,2,-2,0,0,-1,0,1,7,3,0,0,0,36,-20,-56,-4,0,0,1,3,4,2,1
-0.40,Norwich v Man City,1,-5,-5,-101,-11,-102,-39,-51,-5,-76,-10,0,0,-4,4,-3,-1,0,3,-1,0,1,0,-72,-96,-24,2,0,0,-1,-3,-5,-2,0
2.80,Norwich v Man Utd,2,-5,-4,-123,-3,-118,-55,-66,-22,-83,-16,-2,2,0,0,-3,0,0,4,1,0,-1,0,-71,-106,-35,5,0,0,-5,-1,5,4,0
2.80,Norwich v Newcastle,0,3,3,-61,9,-72,-35,-24,26,-72,-12,2,-2,4,-4,3,3,1,4,3,0,2,0,-10,-61,-51,-2,0,0,1,2,-2,1,1
3.00,Norwich v Southampton,0,-5,-5,-68,-5,-62,-45,-34,-34,-41,-6,-5,5,-2,2,-7,-6,0,-10,-1,0,2,0,-40,-48,-8,1,-1,0,-10,-5,9,5,0
-0.50,Norwich v Stoke,1,7,4,-69,3,-67,-38,-22,35,-68,-27,1,-1,-6,6,5,2,0,5,0,0,-3,0,19,-65,-84,1,1,0,5,3,-2,-2,0
0.50,Norwich v Sunderland,2,2,7,58,12,47,47,28,9,39,27,6,-6,0,0,2,0,0,9,2,0,-1,0,21,34,13,-5,0,0,-10,-3,9,7,-1
0.40,Norwich v Swansea,0,0,0,-240,-21,-232,-128,-120,-28,-189,-33,1,-1,0,0,-2,0,0,0,1,0,1,0,-124,-251,-127,0,0,0,2,1,2,-1,0
3.50,Norwich v Tottenham,2,-7,-4,-99,-3,-97,-52,-53,-14,-45,-49,-2,2,1,-1,-7,-4,0,-4,-3,0,3,0,-47,-104,-57,-1,1,0,2,-1,-3,-3,-2
0.00,Norwich v Watford,0,6,4,73,2,84,53,34,45,24,19,3,-3,3,-3,4,3,1,6,1,0,2,0,66,94,28,2,-1,0,-12,-11,7,1,0
-0.90,Norwich v West Brom,2,4,3,93,1,111,51,48,70,18,11,3,-3,-6,6,1,1,0,6,2,0,2,0,99,110,11,-8,1,0,0,2,3,2,0
2.20,Norwich v West Ham,1,1,-1,14,7,0,15,-5,33,-19,-2,1,-1,-2,2,-2,1,0,0,-1,0,-5,0,29,5,-24,-4,-1,0,-2,-2,-2,0,0
0.00,Southampton v Arsenal,0,1,-1,-113,-4,-108,-68,-52,-35,-67,-17,-4,4,-3,3,-1,-2,0,-6,-3,0,2,0,-55,-115,-60,0,1,0,5,8,5,3,1
0.10,Southampton v Aston Villa,1,8,4,77,-9,80,54,44,70,21,8,4,-4,2,-2,7,6,-1,18,9,0,2,0,85,90,5,-5,1,0,4,7,2,3,-1
-1.20,Southampton v Bournemouth,0,7,4,183,13,189,103,97,75,93,31,4,-4,0,0,6,6,2,17,5,0,0,0,126,192,66,3,1,0,-3,-1,3,2,2
0.50,Southampton v Chelsea,2,0,0,-154,6,-150,-84,-60,-60,-67,-19,1,-1,4,-4,-1,1,0,8,0,0,1,0,-107,-148,-41,9,1,0,6,0,-8,-6,1
-1.10,Southampton v Crystal Palace,0,2,-3,40,-18,53,24,13,4,24,6,-2,2,4,-4,3,4,0,0,1,0,1,0,52,56,4,1,0,0,2,3,0,1,1
-1.10,Southampton v Everton,2,1,0,-2,-3,2,2,5,-11,6,13,0,0,3,-3,1,1,-2,6,3,0,1,0,-8,-8,0,-5,1,0,5,4,-1,-1,-2
-2.60,Southampton v Leicester,1,-1,1,38,-7,35,19,16,-16,28,23,2,-2,1,-1,0,-1,1,0,0,0,1,0,-24,44,68,-11,1,0,2,3,0,1,2
1.30,Southampton v Liverpool,0,-6,-7,-29,2,-22,-35,1,2,-3,-32,-2,2,4,-4,-3,0,-1,-2,1,0,2,0,13,-8,-21,5,-1,0,6,3,-8,-3,-2
-2.00,Southampton v Man City,0,6,0,-38,-7,-39,-35,-3,33,-51,-21,4,-4,-3,3,6,5,2,4,0,0,1,0,-15,-49,-34,-2,0,0,2,9,5,7,1
-0.10,Southampton v Man Utd,2,3,2,-140,-8,-134,-76,-65,-11,-126,-5,-1,1,1,-1,3,3,0,4,4,0,-1,0,-79,-133,-54,4,0,0,2,5,3,3,0
1.50,Southampton v Newcastle,0,10,3,25,-10,18,29,9,63,-10,-13,6,-6,-2,2,10,4,0,10,6,0,1,0,77,26,-51,2,0,0,-2,-1,2,1,2
-1.30,Southampton v Norwich,0,8,2,100,-8,103,82,41,70,59,-8,3,-3,5,-5,6,5,1,19,6,0,1,0,120,117,-3,1,-1,0,-7,-1,5,6,1
-1.40,Southampton v Stoke,2,1,-3,29,-15,21,38,9,54,3,-12,-1,1,1,-1,-2,-1,-1,12,3,0,-2,0,69,37,-32,-2,0,0,0,5,2,5,-1
-1.40,Southampton v Sunderland,1,3,3,75,-3,77,50,31,4,54,22,3,-3,-1,1,2,2,0,-2,2,0,-1,0,13,85,72,0,1,0,-2,-1,4,1,0
-0.70,Southampton v Swansea,0,3,-2,-52,-7,-50,-31,-19,36,-54,-31,0,0,-8,8,3,3,1,7,4,0,3,0,25,-47,-72,0,1,0,-1,0,0,1,1
1.70,Southampton v Tottenham,2,-5,1,-24,5,-27,-11,-8,19,-25,-14,-1,1,-1,1,-3,-2,-1,9,5,0,3,0,10,-33,-43,8,1,0,8,1,-13,-7,-2
-2.10,Southampton v Watford,0,5,2,-25,-1,-12,-4,-19,29,-40,-15,2,-2,0,0,1,1,1,7,5,0,-1,0,39,-13,-52,4,1,0,4,5,3,1,1
-2.80,Southampton v West Brom,0,3,3,106,-4,110,56,50,26,67,11,1,-1,2,-2,-1,-1,0,3,0,0,1,0,84,115,31,5,0,0,4,3,1,-1,2
-0.60,Southampton v West Ham,0,-2,-3,5,5,-2,17,-14,15,-32,17,0,0,-5,5,-1,2,1,-3,2,0,-2,0,-14,0,14,6,0,0,4,1,-6,-3,1
1.50,Stoke v Arsenal,1,1,-2,-23,-1,-18,-9,-10,7,-22,-7,-2,2,-3,3,1,-1,0,-1,0,0,3,0,-11,-45,-34,-4,0,0,0,-1,1,-1,0
1.30,Stoke v Aston Villa,0,1,1,9,-7,15,17,10,10,5,11,6,-6,3,-3,1,2,0,11,3,0,0,0,-6,12,18,0,-2,0,-3,-3,3,0,0
0.50,Stoke v Bournemouth,0,0,-2,0,18,-1,-15,9,17,-18,-6,-3,3,-2,2,-1,-2,1,-3,1,0,-1,0,1,-11,-12,-4,0,0,0,-1,0,-1,1
1.10,Stoke v Chelsea,0,-3,-3,-121,-5,-118,-70,-48,-38,-74,-9,-5,5,1,-1,-1,1,0,-3,1,0,2,0,-76,-113,-37,-2,0,0,-5,-5,4,0,0
-0.40,Stoke v Crystal Palace,2,4,3,36,-13,38,23,7,23,16,-6,1,-1,2,-2,5,3,0,1,1,0,-1,0,43,55,12,0,0,0,3,7,1,4,-1
0.00,Stoke v Everton,2,0,0,185,-14,178,119,79,101,112,-15,1,-1,-3,3,2,1,-1,9,0,0,0,0,202,187,-15,0,0,0,-12,-6,10,6,-3
0.10,Stoke v Leicester,1,0,-1,41,7,29,28,15,23,-1,21,2,-2,-2,2,-2,0,1,4,0,0,0,0,11,35,24,-4,0,0,7,8,2,1,2
4.40,Stoke v Liverpool,2,2,-1,17,3,11,11,8,-11,32,-2,-3,3,4,-4,1,2,0,1,0,0,-1,0,-14,20,34,3,-1,0,-6,-4,5,2,0
0.30,Stoke v Man City,0,-2,-2,-72,4,-59,-65,-21,-63,-45,21,-2,2,0,0,0,3,2,-6,-1,0,2,0,-103,-32,71,11,0,0,-21,-5,17,16,2
2.10,Stoke v Man Utd,0,2,-2,-29,0,-21,-18,-19,-17,-23,2,-6,6,5,-5,2,2,1,-8,0,0,2,0,-64,-7,57,7,-1,0,-4,-3,2,1,2
2.70,Stoke v Newcastle,0,-1,-2,120,-16,122,86,42,53,76,-1,0,0,1,-1,0,-2,0,9,-1,0,1,0,117,128,11,-5,1,0,5,4,-3,-1,0
0.40,Stoke v Norwich,0,5,2,34,20,47,14,22,-23,24,36,-1,1,1,-1,5,3,0,8,2,0,-1,0,-5,58,63,8,0,-1,6,6,0,0,0
1.80,Stoke v Southampton,2,1,-1,90,-8,98,51,35,14,60,14,-2,2,-1,1,-1,-4,-2,0,-2,0,-1,0,78,97,19,-1,0,0,-8,-5,8,3,-2
0.30,Stoke v Sunderland,1,-3,-2,59,-2,59,35,18,1,14,36,-1,1,3,-3,-1,4,0,1,3,0,0,0,4,78,74,5,0,0,-1,5,8,6,0
0.20,Stoke v Swansea,1,0,1,9,14,3,5,-3,-12,16,-6,0,0,6,-6,1,3,1,-1,3,0,2,0,3,-9,-12,-1,-1,0,4,2,3,-2,1
3.30,Stoke v Tottenham,2,-5,-1,25,2,20,5,16,19,4,-2,2,-2,2,-2,-3,-3,0,4,-2,0,0,0,38,24,-14,1,0,0,1,3,6,2,-1
0.40,Stoke v Watford,2,2,-1,173,12,169,97,88,42,102,40,6,-6,4,-4,-1,-1,0,11,1,0,1,0,83,175,92,-6,0,0,-4,0,3,4,-1
-0.10,Stoke v West Brom,2,-1,0,103,-3,92,39,59,11,63,24,2,-2,1,-1,-1,-1,-1,0,-2,0,-1,0,26,94,68,-6,-1,2,-5,-2,8,3,-1
2.10,Stoke v West Ham,0,-8,-6,-36,1,-41,-18,-27,-45,-15,14,-3,3,1,-1,-8,-3,-1,-2,-2,0,1,0,-85,-46,39,-1,0,0,12,11,-8,-1,-1
0.90,Sunderland v Arsenal,1,-7,-6,-245,15,-249,-139,-119,-89,-142,-28,-3,3,0,0,-8,-7,0,-8,-4,0,-1,0,-199,-259,-60,1,-1,0,15,8,-9,-7,0
1.60,Sunderland v Aston Villa,0,0,-1,-61,-5,-67,-33,-32,-41,-33,1,-1,1,2,-2,0,0,0,-6,-3,0,1,0,-60,-63,-3,1,1,0,16,10,-7,-6,-1
-0.60,Sunderland v Bournemouth,1,-5,-2,-21,13,-44,-5,-13,-4,-15,-1,1,-1,5,-5,-4,-2,0,-1,-1,0,2,0,-25,-39,-14,-5,-1,0,-6,-6,-1,0,0
0.90,Sunderland v Chelsea,0,1,1,-197,-2,-197,-113,-84,-44,-102,-54,-2,2,1,-1,-1,-2,-1,0,-2,0,4,0,-69,-209,-140,10,-1,0,13,8,-8,-5,-1
-0.20,Sunderland v Crystal Palace,1,5,4,83,-5,96,50,38,13,44,31,0,0,0,0,4,2,0,2,1,0,-2,0,54,92,38,2,0,0,-4,-4,-2,0,1
0.10,Sunderland v Everton,0,6,5,-74,-4,-65,-52,-20,32,-73,-31,2,-2,0,0,4,2,1,6,3,0,1,0,9,-59,-68,7,0,0,-2,-5,-2,-3,2
-0.30,Sunderland v Leicester,2,-4,-1,-16,-9,-9,-9,-4,-17,19,-15,-5,5,-1,1,-2,-3,0,-8,-2,0,2,0,-8,11,19,4,0,0,1,2,-5,1,0
2.00,Sunderland v Liverpool,2,-4,-4,-130,1,-127,-74,-64,-60,-59,-19,-2,2,4,-4,-3,-3,0,-7,-2,0,1,0,-101,-122,-21,-2,-1,0,1,0,-1,-1,0
-0.80,Sunderland v Man City,2,-3,0,-72,10,-71,-29,-35,2,-47,-19,1,-1,6,-6,-1,0,0,6,1,0,0,0,0,-71,-71,0,0,0,5,4,-3,-1,-1
2.30,Sunderland v Man Utd,0,3,-1,-148,-3,-154,-85,-75,-67,-78,-17,-5,5,2,-2,2,0,0,-9,2,0,-3,0,-131,-144,-13,8,2,0,1,1,-3,0,0
2.80,Sunderland v Newcastle,0,-9,-6,-128,-6,-125,-66,-77,-45,-67,-31,-6,6,-4,4,-9,-6,0,-11,-1,0,0,0,-94,-128,-34,5,-2,-1,9,1,-11,-8,1
-0.20,Sunderland v Norwich,2,-7,-4,-17,6,-36,-6,-21,-63,20,14,-1,1,-2,2,-3,-3,0,-7,-3,0,0,0,-92,-56,36,2,0,0,10,5,-10,-5,-2
1.10,Sunderland v Southampton,2,-4,-2,-153,8,-146,-107,-69,-69,-89,-17,0,0,1,-1,-3,-2,0,-13,-1,0,-3,0,-112,-138,-26,9,0,0,-8,-6,4,2,0
-0.50,Sunderland v Stoke,0,2,3,-88,-4,-90,-53,-46,-27,-51,-22,0,0,3,-3,0,-1,0,-2,1,0,-2,0,-51,-98,-47,0,-2,0,6,4,0,-2,0
0.40,Sunderland v Swansea,1,-5,-3,-114,-4,-123,-70,-49,-21,-78,-20,0,0,-6,6,-5,-3,-1,-4,-2,0,0,0,-73,-128,-55,-5,2,0,11,11,-3,0,-1
3.50,Sunderland v Tottenham,2,2,3,-50,-5,-57,-18,-32,-12,-16,-22,2,-2,0,0,2,1,0,3,1,0,1,0,-37,-53,-16,-3,1,0,6,5,1,-1,0
-0.50,Sunderland v Watford,2,-2,-5,-58,-12,-56,-23,-32,0,-56,1,2,-2,2,-2,-3,-3,-1,5,1,0,0,0,-48,-72,-24,-1,0,0,-8,-7,6,1,-1
-0.90,Sunderland v West Brom,1,5,5,-17,-18,-13,-13,-5,-15,-16,13,0,0,1,-1,4,3,0,-4,1,0,2,0,-13,-1,12,-4,1,0,6,7,3,1,0
1.80,Sunderland v West Ham,1,6,2,26,-9,21,-1,21,-13,9,22,-1,1,3,-3,3,4,1,-4,-1,0,1,0,9,27,18,1,-1,0,8,5,-9,-3,1
0.70,Swansea v Arsenal,2,0,2,54,15,45,22,42,7,1,56,2,-2,-5,5,1,2,0,8,0,0,3,0,-11,45,56,-3,0,0,5,3,-5,-2,0
0.80,Swansea v Aston Villa,0,-3,-3,2,-15,14,9,-17,-47,19,22,2,-2,0,0,-1,-2,0,-5,-3,0,1,0,-54,7,61,-2,-1,0,-3,-6,-5,-3,0
1.00,Swansea v Bournemouth,1,-1,-1,-84,2,-84,-45,-43,-38,-28,-23,0,0,6,-6,-2,1,-1,-1,2,0,-4,0,-65,-84,-19,-1,-1,0,10,2,-11,-8,0
3.30,Swansea v Chelsea,0,1,1,-76,-1,-68,-42,-22,-4,-44,-21,-2,2,-2,2,0,0,0,9,1,0,-2,0,-3,-64,-61,13,0,0,6,3,-2,-3,1
0.10,Swansea v Crystal Palace,1,-1,0,85,-9,92,42,53,31,60,4,-1,1,-2,2,-4,-3,0,2,-2,0,1,0,81,85,4,-4,0,0,0,-2,-4,-2,1
0.20,Swansea v Everton,1,-2,-2,-10,-3,-16,-8,7,-29,24,4,-2,2,0,0,0,0,0,-2,3,0,-1,0,-42,-14,28,-10,1,0,7,6,-6,-1,0
-1.60,Swansea v Leicester,2,-4,-2,116,-10,123,71,54,11,71,43,-2,2,6,-6,-3,-2,-2,8,2,0,1,0,66,150,84,6,-1,0,-9,-2,10,7,-2
3.70,Swansea v Liverpool,0,4,3,-28,-4,-29,21,-35,38,3,-55,1,-1,2,-2,1,3,1,10,4,0,1,0,61,-24,-85,5,-1,0,3,0,-8,-3,2
-2.30,Swansea v Man City,1,-10,-5,47,4,44,49,7,-16,71,1,2,-2,8,-8,-9,-5,0,5,1,0,1,0,16,59,43,2,-2,0,-6,-4,4,2,0
0.90,Swansea v Man Utd,0,-3,-1,-139,-10,-137,-70,-69,-51,-89,-1,-1,1,4,-4,-2,-2,0,-3,-2,0,1,0,-97,-144,-47,1,-1,0,0,0,-2,0,0
1.80,Swansea v Newcastle,0,4,3,72,4,80,50,26,39,69,-32,0,0,3,-3,6,1,1,4,-1,0,1,0,86,90,4,5,-1,0,6,5,0,-1,1
-0.10,Swansea v Norwich,0,1,-2,56,-2,45,49,22,-2,67,6,0,0,0,0,2,2,0,4,1,0,0,0,37,64,27,-2,-1,0,2,3,-1,1,0
1.60,Swansea v Southampton,2,-4,-4,29,-5,30,20,11,7,12,12,0,0,3,-3,-4,-3,0,1,0,0,0,0,12,31,19,4,-1,0,-1,-2,0,-1,0
0.00,Swansea v Stoke,2,-1,0,-50,-12,-36,-4,-39,-2,12,-52,1,-1,8,-8,-1,-2,0,7,0,0,0,0,21,-41,-62,3,0,0,-7,-5,8,2,-1
0.30,Swansea v Sunderland,2,3,1,57,5,57,33,27,13,37,10,2,-2,2,-2,3,0,0,2,1,0,0,0,42,53,11,4,0,1,-4,-2,5,2,1
2.50,Swansea v Tottenham,1,-7,-5,-83,16,-85,-50,-35,-31,-37,-18,-2,2,3,-3,-4,-1,1,-5,-1,0,0,0,-60,-75,-15,6,1,0,-2,-1,2,1,-1
-0.10,Swansea v Watford,0,3,1,139,-17,142,82,72,68,69,17,3,-3,3,-3,2,2,1,17,3,0,3,0,100,160,60,-2,-2,0,-7,-5,4,2,1
-1.70,Swansea v West Brom,0,1,1,79,-16,81,48,15,-4,62,3,-5,5,2,-2,3,2,0,-10,-1,0,-2,0,57,88,31,4,-1,0,-9,-6,4,3,1
1.30,Swansea v West Ham,1,3,2,249,-16,241,154,111,62,179,23,0,0,1,-1,4,2,0,3,3,0,1,0,145,248,103,-9,0,0,-2,2,-2,4,0
-1.10,Tottenham v Arsenal,1,6,7,31,1,33,10,32,29,2,10,2,-2,1,-1,3,0,-1,6,1,0,0,0,60,34,-26,-6,-1,0,2,5,7,3,-1
-2.00,Tottenham v Aston Villa,0,3,0,158,8,168,76,86,11,115,35,2,-2,4,-4,4,2,0,1,0,0,2,0,82,169,87,2,-1,0,-1,-2,3,-1,2
-3.70,Tottenham v Bournemouth,0,7,3,175,9,185,94,81,62,83,32,3,-3,-2,2,6,3,2,6,1,0,-1,0,131,159,28,-2,0,0,-1,-4,-5,-3,2
-1.60,Tottenham v Chelsea,1,4,4,90,-5,99,48,42,-6,73,23,1,-1,-5,5,3,1,0,3,2,0,-3,0,39,99,60,-1,3,0,-6,-4,4,2,0
-2.70,Tottenham v Crystal Palace,0,5,2,96,3,98,65,49,51,51,13,2,-2,-1,1,4,2,0,4,-1,0,0,0,99,109,10,-4,-1,0,-10,-7,8,3,0
-1.50,Tottenham v Everton,1,7,5,-53,-24,-47,-30,-27,-10,-31,-11,2,-2,-4,4,8,5,0,6,1,0,0,0,-42,-45,-3,4,-1,0,10,8,-8,-2,0
-4.50,Tottenham v Leicester,2,7,6,130,11,132,82,71,67,67,20,5,-5,-1,1,7,2,0,13,6,0,1,0,120,129,9,3,0,0,-8,-6,2,2,0
-0.50,Tottenham v Liverpool,1,3,0,26,3,22,25,4,-7,2,33,2,-2,4,-4,0,1,0,3,-2,0,-2,0,-12,43,55,3,-1,0,8,11,2,3,0
-3.10,Tottenham v Man City,0,-3,-2,61,-2,63,24,45,-7,49,28,-1,1,0,0,-3,0,-1,-1,1,0,2,0,28,74,46,2,-1,0,1,0,1,-1,0
-0.50,Tottenham v Man Utd,0,2,-1,-76,-6,-66,-44,-40,-21,-71,6,-2,2,-2,2,3,1,0,-7,-3,0,1,0,-61,-64,-3,2,0,0,-2,0,1,2,0
-1.00,Tottenham v Newcastle,2,9,5,75,-2,83,36,38,65,3,8,4,-4,2,-2,7,2,1,3,0,0,-1,0,83,71,-12,-1,-1,0,-4,-5,-3,-1,1
-3.20,Tottenham v Norwich,0,3,1,132,4,111,54,70,-3,105,23,4,-4,6,-6,0,1,0,1,-1,0,-4,0,43,131,88,0,-1,0,-3,2,1,5,2
-2.10,Tottenham v Southampton,2,7,5,155,9,153,81,82,22,102,42,2,-2,-2,2,4,2,-1,4,3,0,-3,0,81,165,84,-2,0,0,-5,-5,2,0,0
-4.40,Tottenham v Stoke,1,1,0,139,17,132,79,66,3,99,47,2,-2,2,-2,1,2,2,1,0,0,-1,0,24,128,104,3,0,0,-2,-3,2,-1,2
-3.00,Tottenham v Sunderland,0,12,8,167,-14,166,104,79,83,77,22,4,-4,1,-1,7,4,-1,12,6,0,-2,0,152,175,23,0,0,0,-1,2,6,3,0
-3.70,Tottenham v Swansea,0,6,4,76,-10,85,64,27,52,10,30,-1,1,4,-4,5,2,0,8,3,0,-2,0,87,69,-18,2,-2,0,-6,-4,3,2,-1
-3.90,Tottenham v Watford,0,11,7,147,2,146,76,78,44,97,15,9,-9,-2,2,10,5,0,14,4,0,2,0,105,153,48,-1,0,0,-14,-7,11,7,0
-2.60,Tottenham v West Brom,1,3,4,180,4,176,113,67,34,105,43,4,-4,5,-5,5,4,0,1,2,0,-1,0,110,187,77,0,0,0,4,3,0,-1,-1
-1.40,Tottenham v West Ham,0,3,1,116,7,111,53,65,32,60,24,0,0,0,0,2,-1,1,-2,0,0,-1,0,63,113,50,2,0,0,-2,-4,0,-2,2
0.70,Watford v Arsenal,2,-4,-4,-142,16,-148,-76,-62,-25,-89,-29,-2,2,1,-1,-6,-4,0,-6,-2,0,-3,0,-87,-156,-69,-4,0,0,11,7,-8,-4,0
1.80,Watford v Aston Villa,0,7,3,134,3,135,92,61,68,65,21,3,-3,2,-2,5,4,-1,10,1,0,0,0,109,133,24,-9,-2,0,1,0,-2,-1,0
0.40,Watford v Bournemouth,1,3,2,-15,3,-21,-7,-18,2,-32,4,2,-2,-3,3,3,2,0,-4,1,0,-1,0,-32,-27,5,3,0,0,-2,-5,-9,-3,0
3.10,Watford v Chelsea,1,6,7,-49,-10,-49,-27,-11,-3,-22,-16,2,-2,2,-2,7,4,0,0,2,0,-1,0,-16,-40,-24,7,1,0,-9,-3,9,6,0
1.00,Watford v Crystal Palace,2,2,-1,49,11,38,21,32,9,44,0,1,-1,0,0,4,3,0,0,3,0,0,0,14,38,24,0,1,0,5,1,-3,-4,0
1.70,Watford v Everton,1,3,2,-76,-3,-70,-35,-39,-3,-6,-66,1,-1,-3,3,5,4,0,2,2,0,0,0,-3,-68,-65,8,0,0,-1,1,-2,2,-2
-0.20,Watford v Leicester,2,-2,-1,50,11,36,37,23,20,45,-6,-3,3,4,-4,0,-1,0,4,2,0,1,0,12,38,26,-2,1,0,2,2,-3,0,0
3.30,Watford v Liverpool,0,2,0,-114,5,-119,-60,-57,11,-89,-38,0,0,4,-4,1,1,0,1,1,0,-3,0,-32,-137,-105,1,0,0,6,5,-1,-1,2
-1.00,Watford v Man City,2,-2,-1,-31,6,-25,-8,-21,-28,12,-14,2,-2,0,0,-3,0,0,-1,0,0,0,0,6,-26,-32,8,1,0,-10,-7,9,3,0
3.00,Watford v Man Utd,2,-2,-2,-87,-6,-99,-56,-36,-42,-51,2,-3,3,1,-1,-1,-1,-1,-9,-4,0,-2,0,-74,-85,-11,1,0,0,2,6,5,4,-1
2.90,Watford v Newcastle,0,3,1,75,-1,72,35,45,32,52,-5,-1,1,1,-1,3,1,0,-2,-2,0,-1,0,91,78,-13,7,0,0,0,4,4,4,0
0.50,Watford v Norwich,0,3,3,51,-7,54,41,18,25,22,12,2,-2,1,-1,1,-2,0,1,0,0,0,0,54,61,7,3,-1,0,1,2,3,1,1
2.10,Watford v Southampton,1,0,0,15,5,11,11,16,26,7,-5,0,0,-3,3,0,-1,0,0,-3,0,0,0,20,11,-9,-13,-1,0,-1,0,1,1,0
0.80,Watford v Stoke,2,0,0,-70,-10,-77,-31,-29,10,-64,-5,5,-5,3,-3,-1,0,-1,3,1,0,-1,0,-37,-73,-36,-1,2,0,4,3,-6,-1,-1
1.60,Watford v Sunderland,1,5,4,7,-13,9,33,-36,-21,24,-6,-2,2,3,-3,5,-1,-1,-5,4,0,-1,0,11,17,6,7,0,0,-1,-3,-5,-2,-1
1.20,Watford v Swansea,0,4,1,-56,7,-62,-27,-18,27,-53,-21,1,-1,-2,2,2,0,0,6,0,0,-5,0,15,-63,-78,7,0,0,4,4,1,0,0
3.70,Watford v Tottenham,2,1,1,-49,2,-50,-26,-32,9,-54,-13,-2,2,1,-1,2,1,1,-4,1,0,1,0,-16,-42,-26,11,-1,0,1,-1,2,-2,0
-0.80,Watford v West Brom,1,5,3,85,7,90,53,57,57,35,19,0,0,-1,1,5,4,0,14,5,0,0,0,93,87,-6,0,-1,0,-10,-7,6,3,0
1.00,Watford v West Ham,0,8,6,22,2,8,29,4,61,-24,0,6,-6,0,0,3,2,0,11,5,0,1,0,67,19,-48,-7,0,0,0,1,-1,1,1
1.20,West Brom v Arsenal,0,-3,0,-144,7,-145,-97,-42,-4,-103,-32,-2,2,3,-3,-2,0,0,4,-2,0,3,0,-67,-149,-82,0,-1,0,10,8,-5,-2,-1
3.40,West Brom v Aston Villa,1,-4,-3,-90,-3,-83,-49,-39,-35,-42,-11,-1,1,4,-4,-1,-1,0,-1,1,0,0,0,-57,-87,-30,6,-1,0,-1,-2,-2,-1,0
0.50,West Brom v Bournemouth,2,-6,-5,-224,-3,-225,-129,-107,-95,-113,-29,-2,2,-2,2,-6,-1,0,-5,-1,0,-1,0,-171,-229,-58,8,1,1,0,-4,-5,-4,0
1.70,West Brom v Chelsea,2,-6,-2,-145,1,-145,-76,-68,-54,-71,-18,-2,2,0,0,-6,0,1,3,3,0,0,0,-106,-137,-31,5,0,0,3,2,-4,-1,-2
0.80,West Brom v Crystal Palace,0,3,0,-58,-9,-55,-34,-20,39,-52,-41,-1,1,2,-2,2,1,2,3,-2,0,0,0,42,-63,-105,-4,0,0,-3,-1,3,2,3
0.70,West Brom v Everton,2,-2,0,-27,-1,-25,-21,-3,1,-19,-7,0,0,-2,2,-2,-2,1,3,-2,0,3,0,4,-26,-30,8,0,0,-2,1,0,3,1
1.10,West Brom v Leicester,2,-5,-5,-41,-7,-43,-29,-9,-32,-34,27,2,-2,2,-2,-4,-2,1,-11,-6,0,0,0,-57,-30,27,-3,0,0,-3,-1,-6,2,1
4.10,West Brom v Liverpool,1,-4,-2,-180,3,-180,-91,-93,-19,-116,-49,-2,2,-4,4,-2,1,1,-1,0,0,0,0,-103,-189,-86,2,0,0,7,2,-5,-5,0
0.20,West Brom v Man City,2,-11,-9,-270,-5,-264,-136,-139,-111,-167,3,-3,3,-1,1,-9,-6,-1,-3,0,0,1,0,-259,-261,-2,5,1,0,1,1,-2,0,-2
4.40,West Brom v Man Utd,0,4,2,-79,-11,-82,-22,-48,10,-81,-2,1,-1,3,-3,4,3,0,-2,3,0,1,0,-36,-76,-40,2,-1,0,3,-2,-4,-5,0
4.00,West Brom v Newcastle,0,10,7,17,7,7,-5,24,49,-35,8,8,-8,0,0,5,3,0,8,3,0,-1,0,51,20,-31,-3,0,0,9,10,-1,1,0
0.90,West Brom v Norwich,2,2,1,27,13,13,21,7,38,-11,1,0,0,2,-2,3,1,0,-2,-1,0,0,0,24,21,-3,9,0,0,-2,-4,-1,-2,0
2.10,West Brom v Southampton,1,-1,-1,-94,1,-104,-42,-55,-14,-54,-29,0,0,1,-1,-1,2,0,-5,1,0,0,0,-37,-100,-63,-10,0,0,-1,-1,-2,0,0
0.70,West Brom v Stoke,0,-1,-5,-43,11,-44,-23,-18,27,-50,-19,-3,3,6,-6,-3,0,0,4,2,0,0,0,0,-52,-52,-1,0,0,5,3,0,-2,0
0.50,West Brom v Sunderland,0,-2,-6,17,-7,14,25,0,34,3,-11,-3,3,-4,4,-1,-4,0,3,0,0,-3,0,43,11,-32,1,1,0,-11,-8,5,3,0
1.30,West Brom v Swansea,1,0,-2,-63,3,-62,-25,-24,59,-95,-15,-1,1,4,-4,-1,2,0,14,5,0,0,0,17,-64,-81,4,0,0,-2,0,0,2,0
5.00,West Brom v Tottenham,1,1,1,-117,4,-122,-56,-36,35,-100,-29,0,0,2,-2,1,2,0,9,2,0,1,0,-6,-110,-104,3,0,0,-3,-2,4,1,0
-0.10,West Brom v Watford,2,4,3,28,-18,36,40,12,54,-6,5,3,-3,1,-1,2,4,-1,19,0,0,0,0,76,33,-43,1,-1,0,-10,-5,7,5,-1
1.70,West Brom v West Ham,2,1,3,-112,-12,-122,-48,-50,14,-98,-16,0,0,-6,6,-4,-2,-2,2,-1,0,1,0,-29,-123,-94,-2,0,0,4,2,-2,-2,-2
-0.30,West Ham v Arsenal,1,3,1,-66,12,-65,-46,-17,-34,-25,-3,2,-2,-1,1,2,2,-1,5,5,0,2,0,-45,-58,-13,2,1,0,-2,-1,4,1,0
0.90,West Ham v Aston Villa,0,8,0,123,-17,129,61,55,35,59,24,-3,3,-1,1,5,3,0,-2,2,0,1,0,97,133,36,0,0,-1,4,2,-8,-2,0
-1.60,West Ham v Bournemouth,2,-7,-2,-26,0,-31,-13,-29,-41,2,-2,0,0,5,-5,-5,-3,-1,0,2,0,0,0,-38,-36,2,11,0,0,6,1,-8,-5,-2
0.40,West Ham v Chelsea,0,1,1,-100,17,-105,-71,-25,-31,-45,-21,0,0,3,-3,0,-1,0,-3,-1,0,0,0,-70,-114,-44,-1,-4,0,5,3,-3,-2,1
-0.60,West Ham v Crystal Palace,1,6,4,197,6,200,114,86,27,145,29,1,-1,2,-2,3,0,0,1,-1,0,-1,0,136,207,71,-1,2,0,0,1,4,1,1
-0.20,West Ham v Everton,1,-1,-4,-11,-5,-3,-1,-3,-14,6,2,-3,3,1,-1,-1,-1,-1,4,1,0,1,0,-37,-1,36,4,-1,0,6,4,-5,-2,0
-0.80,West Ham v Leicester,2,-2,-3,100,16,100,57,52,-8,77,40,2,-2,1,-1,-1,-1,-1,3,-1,0,0,0,22,108,86,-2,0,0,-2,-2,-1,0,-2
2.30,West Ham v Liverpool,0,-1,-3,-95,8,-82,-81,-26,-69,-23,-16,-1,1,0,0,-4,0,1,-9,2,0,0,0,-100,-77,23,7,0,0,7,3,-4,-4,1
-1.80,West Ham v Man City,1,1,0,-30,8,-35,-14,-7,4,-9,-17,0,0,-1,1,-1,-1,0,5,0,0,0,0,1,-31,-32,-2,0,0,-5,-4,6,1,0
1.50,West Ham v Man Utd,0,9,3,-120,-13,-111,-68,-53,-17,-78,-25,3,-3,3,-3,8,7,1,8,5,0,1,0,-16,-111,-95,5,0,0,-1,-2,3,-1,1
1.10,West Ham v Newcastle,0,0,-4,-103,-10,-94,-62,-52,-1,-58,-53,-1,1,0,0,2,1,1,-4,0,0,-2,0,-7,-75,-68,11,-1,0,0,4,1,4,1
-1.00,West Ham v Norwich,1,3,2,-112,-10,-101,-50,-59,2,-45,-65,5,-5,7,-7,3,-1,1,8,0,0,2,0,13,-106,-119,4,0,0,0,2,4,2,0
-0.10,West Ham v Southampton,0,-6,-3,11,11,-4,-3,5,-54,35,22,-2,2,1,-1,-4,-3,0,-10,0,0,1,0,-62,-2,60,-3,0,0,4,0,1,-4,1
-1.40,West Ham v Stoke,1,3,5,-43,1,-41,-21,-22,33,-39,-38,1,-1,-2,2,-1,-2,0,3,-1,0,0,0,66,-40,-106,0,-1,0,-6,-3,2,3,0
-1.20,West Ham v Sunderland,0,3,1,98,20,105,58,45,33,38,33,0,0,1,-1,0,0,0,5,1,0,-1,0,49,122,73,4,0,0,-19,-9,13,10,1
0.00,West Ham v Swansea,2,6,4,84,-7,83,42,44,53,30,6,7,-7,-1,1,3,0,-2,12,5,0,-2,0,84,90,6,6,0,0,-2,-1,-2,1,-2
1.80,West Ham v Tottenham,0,8,5,-92,-1,-81,-64,-25,4,-63,-32,5,-5,3,-3,6,4,1,4,2,0,4,0,0,-78,-78,1,-2,0,-7,-4,5,3,1
-2.20,West Ham v Watford,0,7,1,-51,16,-44,-34,-24,-27,-36,6,1,-1,2,-2,5,4,1,-1,0,0,0,0,-47,-40,7,9,-1,0,1,0,-2,-1,2
-3.30,West Ham v West Brom,1,6,3,98,-13,93,66,28,16,60,21,2,-2,1,-1,3,4,0,0,1,0,-2,0,68,115,47,-4,-1,0,-1,4,9,5,1
